MEDV,CRIM,ZN,INDUS,CHAS,NOX,RM,AGE,DIS,RAD,TAX,PTRATIO,B,LSTAT
24.0,0.00632,18.0,1,0,0.5379999879999999,6.5749998089999995,65.19999695,4.090000153,1,2,15.30000019,396.89999389999997,4.980000018999999
21.60000038,0.027310001,0.0,2,0,0.469000012,6.421000004,78.90000153,4.967100143,1,1,17.79999924,396.89999389999997,9.140000342999999
34.70000076,0.02729,0.0,2,0,0.469000012,7.184999942999999,61.09999847,4.967100143,1,1,17.79999924,392.82998660000004,4.03000021
33.40000153,0.032370001,0.0,1,0,0.45800000399999996,6.998000145,45.79999924,6.062200069,1,1,18.70000076,394.63000489999996,2.9400000569999998
36.20000076,0.069049999,0.0,1,0,0.45800000399999996,7.146999836,54.20000076,6.062200069,1,1,18.70000076,396.89999389999997,5.329999924
28.70000076,0.029850001,0.0,1,0,0.45800000399999996,6.429999828,58.70000076,6.062200069,1,1,18.70000076,394.11999510000004,5.210000038
22.89999962,0.08828999800000001,12.5,2,0,0.523999989,6.012000083999999,66.59999847,5.560500145,2,2,15.19999981,395.60000610000003,12.43000031
27.10000038,0.144549996,12.5,2,0,0.523999989,6.171999931,96.09999847,5.950500011,2,2,15.19999981,396.89999389999997,19.14999962
16.5,0.211239994,12.5,2,0,0.523999989,5.631000042,100.0,6.082099915,2,2,15.19999981,386.63000489999996,29.93000031
18.89999962,0.170039997,12.5,2,0,0.523999989,6.004000187000001,85.90000153,6.592100143,2,2,15.19999981,386.7099915,17.10000038
15.0,0.22488999399999998,12.5,2,0,0.523999989,6.376999855,94.30000305,6.346700191,2,2,15.19999981,392.519989,20.45000076
18.89999962,0.117470004,12.5,2,0,0.523999989,6.008999825,82.90000153,6.226699829,2,2,15.19999981,396.89999389999997,13.27000046
21.70000076,0.093780003,12.5,2,0,0.523999989,5.888999939,39.0,5.450900077999999,2,2,15.19999981,390.5,15.71000004
20.39999962,0.629760027,0.0,2,0,0.5379999879999999,5.948999882000001,61.79999924,4.707499981000001,1,2,21.0,396.89999389999997,8.260000229
18.20000076,0.637960017,0.0,2,0,0.5379999879999999,6.096000195,84.5,4.461900234,1,2,21.0,380.019989,10.26000023
19.89999962,0.627390027,0.0,2,0,0.5379999879999999,5.834000111,56.5,4.498600006,1,2,21.0,395.61999510000004,8.470000267
23.10000038,1.0539300440000001,0.0,2,0,0.5379999879999999,5.934999942999999,29.29999924,4.498600006,1,2,21.0,386.85000610000003,6.579999924
17.5,0.784200013,0.0,2,0,0.5379999879999999,5.989999771,81.69999695,4.257900238,1,2,21.0,386.75,14.67000008
20.20000076,0.802709997,0.0,2,0,0.5379999879999999,5.4559998510000005,36.59999847,3.796499968,1,2,21.0,288.98999019999997,11.68999958
18.20000076,0.725799978,0.0,2,0,0.5379999879999999,5.727000237,69.5,3.796499968,1,2,21.0,390.9500122,11.27999973
13.60000038,1.251790047,0.0,2,0,0.5379999879999999,5.570000172,98.09999847,3.797899961,1,2,21.0,376.57000730000004,21.02000046
19.60000038,0.852039993,0.0,2,0,0.5379999879999999,5.965000152999999,89.19999695,4.012300014,1,2,21.0,392.5299988,13.82999992
15.19999981,1.232470036,0.0,2,0,0.5379999879999999,6.142000198,91.69999695,3.976900101,1,2,21.0,396.89999389999997,18.71999931
14.5,0.9884300229999999,0.0,2,0,0.5379999879999999,5.8130002020000004,100.0,4.095200062,1,2,21.0,394.5400085,19.87999916
15.60000038,0.750259995,0.0,2,0,0.5379999879999999,5.923999786,94.09999847,4.399600029,1,2,21.0,394.32998660000004,16.29999924
13.89999962,0.8405399920000001,0.0,2,0,0.5379999879999999,5.598999977,85.69999695,4.454599857,1,2,21.0,303.42001339999996,16.51000023
16.60000038,0.671909988,0.0,2,0,0.5379999879999999,5.8130002020000004,90.30000305,4.68200016,1,2,21.0,376.88000489999996,14.81000042
14.80000019,0.9557700159999999,0.0,2,0,0.5379999879999999,6.046999931,88.80000305,4.453400135,1,2,21.0,306.38000489999996,17.28000069
18.39999962,0.772989988,0.0,2,0,0.5379999879999999,6.4949998860000004,94.40000153,4.454699993,1,2,21.0,387.94000239999997,12.80000019
21.0,1.002449989,0.0,2,0,0.5379999879999999,6.673999786,87.30000305,4.238999843999999,1,2,21.0,380.230011,11.97999954
12.69999981,1.1308100220000001,0.0,2,0,0.5379999879999999,5.712999821,94.09999847,4.232999802,1,2,21.0,360.17001339999996,22.60000038
14.5,1.354719996,0.0,2,0,0.5379999879999999,6.0720000270000005,100.0,4.1750001910000005,1,2,21.0,376.730011,13.03999996
13.19999981,1.3879899980000001,0.0,2,0,0.5379999879999999,5.9499998089999995,82.0,3.99000001,1,2,21.0,232.60000609999997,27.70999908
13.10000038,1.151720047,0.0,2,0,0.5379999879999999,5.701000214,95.0,3.787199974,1,2,21.0,358.769989,18.35000038
13.5,1.612820029,0.0,2,0,0.5379999879999999,6.096000195,96.90000153,3.759799957,1,2,21.0,248.30999759999997,20.34000015
18.89999962,0.064170003,0.0,2,0,0.49900001299999996,5.933000087999999,68.19999695,3.3603000639999996,2,2,19.20000076,396.89999389999997,9.680000305
20.0,0.09743999699999999,0.0,2,0,0.49900001299999996,5.84100008,61.40000153,3.377899885,2,2,19.20000076,377.55999760000003,11.40999985
21.0,0.080140002,0.0,2,0,0.49900001299999996,5.849999905,41.5,3.934200048,2,2,19.20000076,396.89999389999997,8.770000458
24.70000076,0.175050005,0.0,2,0,0.49900001299999996,5.96600008,30.20000076,3.847300053,2,2,19.20000076,393.42999269999996,10.13000011
30.79999924,0.027629999,75.0,1,0,0.42800000299999996,6.59499979,21.79999924,5.401100158999999,1,1,18.29999924,395.63000489999996,4.320000172
34.90000153,0.033589999999999995,75.0,1,0,0.42800000299999996,7.024000168,15.80000019,5.401100158999999,1,1,18.29999924,395.61999510000004,1.980000019
26.60000038,0.127440006,0.0,2,0,0.448000014,6.769999981000001,2.900000095,5.720900059,1,1,17.89999962,385.4100037,4.840000153
25.29999924,0.141499996,0.0,2,0,0.448000014,6.1690001489999995,6.599999905,5.720900059,1,1,17.89999962,383.36999510000004,5.809999942999999
24.70000076,0.159360006,0.0,2,0,0.448000014,6.210999966,6.5,5.720900059,1,1,17.89999962,394.4599915,7.440000057000001
21.20000076,0.12269000000000001,0.0,2,0,0.448000014,6.068999767,40.0,5.720900059,1,1,17.89999962,389.39001460000003,9.550000191
19.29999924,0.17141999300000002,0.0,2,0,0.448000014,5.68200016,33.79999924,5.100399971,1,1,17.89999962,396.89999389999997,10.21000004
20.0,0.18836000600000002,0.0,2,0,0.448000014,5.785999775,33.29999924,5.100399971,1,1,17.89999962,396.89999389999997,14.14999962
16.60000038,0.229269996,0.0,2,0,0.448000014,6.03000021,85.5,5.689400196,1,1,17.89999962,392.73999019999997,18.79999924
14.39999962,0.25387001,0.0,2,0,0.448000014,5.399000168,95.30000305,5.8699998860000004,1,1,17.89999962,396.89999389999997,30.80999947
19.39999962,0.219769999,0.0,2,0,0.448000014,5.602000237,62.0,6.08769989,1,1,17.89999962,396.89999389999997,16.20000076
19.70000076,0.08872999999999999,21.0,2,0,0.43900001,5.962999821,45.70000076,6.814700127,1,1,16.79999924,395.55999760000003,13.44999981
20.5,0.043370001,21.0,2,0,0.43900001,6.114999771,63.0,6.814700127,1,1,16.79999924,393.9700012,9.430000305
25.0,0.053599997999999996,21.0,2,0,0.43900001,6.511000156000001,21.10000038,6.814700127,1,1,16.79999924,396.89999389999997,5.28000021
23.39999962,0.04981,21.0,2,0,0.43900001,5.998000145,21.39999962,6.814700127,1,1,16.79999924,396.89999389999997,8.430000305
18.89999962,0.0136,75.0,1,0,0.40999999600000003,5.888000011,47.59999847,7.319699764,1,3,21.10000038,396.89999389999997,14.80000019
35.40000153,0.01311,90.0,1,0,0.40299999700000005,7.249000072,21.89999962,8.69659996,2,1,17.89999962,395.92999269999996,4.809999943
24.70000076,0.02055,85.0,1,0,0.40999999600000003,6.382999897,35.70000076,9.187600136,1,2,17.29999924,396.89999389999997,5.769999981000001
31.60000038,0.01432,100.0,1,0,0.411000013,6.815999985,40.5,8.324799537999999,2,1,15.10000038,392.89999389999997,3.950000048
23.29999924,0.154449999,25.0,1,0,0.453000009,6.144999981000001,29.20000076,7.814799786,3,2,19.70000076,390.67999269999996,6.860000134
19.60000038,0.10328,25.0,1,0,0.453000009,5.927000046,47.20000076,6.93200016,3,2,19.70000076,396.89999389999997,9.220000267
18.70000076,0.149320006,25.0,1,0,0.453000009,5.741000175,66.19999695,7.225399971,3,2,19.70000076,395.10998539999997,13.14999962
16.0,0.17170999899999997,25.0,1,0,0.453000009,5.96600008,93.40000153,6.818500042,3,2,19.70000076,378.07998660000004,14.43999958
22.20000076,0.11027000099999999,25.0,1,0,0.453000009,6.4559998510000005,67.80000305,7.225500107,3,2,19.70000076,396.89999389999997,6.730000018999999
25.0,0.126499996,25.0,1,0,0.453000009,6.762000083999999,43.40000153,7.9808998110000005,3,2,19.70000076,395.57998660000004,9.5
33.0,0.019509999,17.5,1,0,0.416099995,7.104000092000001,59.5,9.222900391,1,1,18.60000038,393.23999019999997,8.050000191
23.5,0.035840001,80.0,1,0,0.398000002,6.2899999620000004,17.79999924,6.611499786,1,3,16.10000038,396.89999389999997,4.670000076
19.39999962,0.043790000999999995,80.0,1,0,0.398000002,5.787000179,31.10000038,6.611499786,1,3,16.10000038,396.89999389999997,10.23999977
22.0,0.057890002,12.5,2,0,0.409000009,5.877999783,21.39999962,6.498000145,1,3,18.89999962,396.2099915,8.100000381000001
17.39999962,0.135539994,12.5,2,0,0.409000009,5.593999863,36.79999924,6.498000145,1,3,18.89999962,396.89999389999997,13.09000015
20.89999962,0.12816,12.5,2,0,0.409000009,5.885000229,33.0,6.498000145,1,3,18.89999962,396.89999389999997,8.789999962000001
24.20000076,0.08826000199999999,0.0,3,0,0.412999988,6.416999817000001,6.599999905,5.28730011,1,2,19.20000076,383.730011,6.71999979
21.70000076,0.158759996,0.0,3,0,0.412999988,5.960999966,17.5,5.28730011,1,2,19.20000076,376.94000239999997,9.880000114
22.79999924,0.09164000300000001,0.0,3,0,0.412999988,6.065000057000001,7.8000001910000005,5.28730011,1,2,19.20000076,390.9100037,5.519999981000001
23.39999962,0.195390001,0.0,3,0,0.412999988,6.2449998860000004,6.1999998089999995,5.28730011,1,2,19.20000076,377.17001339999996,7.5399999620000004
24.10000038,0.078960001,0.0,3,0,0.437000006,6.272999763,6.0,4.25150013,2,3,18.70000076,394.92001339999996,6.78000021
21.39999962,0.09511999800000001,0.0,3,0,0.437000006,6.285999775,45.0,4.502600193,2,3,18.70000076,383.230011,8.93999958
20.0,0.101530001,0.0,3,0,0.437000006,6.278999805,74.5,4.052199841,2,3,18.70000076,373.6600037,11.97000027
20.79999924,0.087070003,0.0,3,0,0.437000006,6.139999866,45.79999924,4.090499878,2,3,18.70000076,386.9599915,10.27000046
21.20000076,0.056460000999999996,0.0,3,0,0.437000006,6.2319998739999996,53.70000076,5.014100075,2,3,18.70000076,386.39999389999997,12.34000015
20.29999924,0.083870001,0.0,3,0,0.437000006,5.874000072,36.59999847,4.502600193,2,3,18.70000076,396.05999760000003,9.100000381000001
28.0,0.041129999,25.0,1,0,0.42599999899999996,6.727000237,33.5,5.400700092,1,2,19.0,396.89999389999997,5.289999962
23.89999962,0.04462,25.0,1,0,0.42599999899999996,6.618999958,70.40000153,5.400700092,1,2,19.0,395.63000489999996,7.21999979
24.79999924,0.036589999,25.0,1,0,0.42599999899999996,6.302000046,32.20000076,5.400700092,1,2,19.0,396.89999389999997,6.71999979
22.89999962,0.03551,25.0,1,0,0.42599999899999996,6.166999817000001,46.70000076,5.400700092,1,2,19.0,390.64001460000003,7.510000229
23.89999962,0.050590000999999996,0.0,1,0,0.44900000100000004,6.388999939,48.0,4.779399872,1,1,18.5,396.89999389999997,9.619999886
26.60000038,0.057349999000000006,0.0,1,0,0.44900000100000004,6.6300001139999996,56.09999847,4.437699795,1,1,18.5,392.2999878,6.53000021
22.5,0.051879998,0.0,1,0,0.44900000100000004,6.014999866,45.09999847,4.427199841,1,1,18.5,395.98999019999997,12.85999966
22.20000076,0.071510002,0.0,1,0,0.44900000100000004,6.120999812999999,56.79999924,3.7476000789999997,1,1,18.5,395.14999389999997,8.43999958
23.60000038,0.056600001,0.0,1,0,0.48899999299999997,7.006999969,86.30000305,3.421700001,1,1,17.79999924,396.89999389999997,5.5
28.70000076,0.053020000000000005,0.0,1,0,0.48899999299999997,7.078999996,63.09999847,3.414499998,1,1,17.79999924,396.05999760000003,5.6999998089999995
22.60000038,0.046840001,0.0,1,0,0.48899999299999997,6.416999817000001,66.09999847,3.092299938,1,1,17.79999924,392.17999269999996,8.81000042
22.0,0.03932,0.0,1,0,0.48899999299999997,6.40500021,73.90000153,3.092099905,1,1,17.79999924,393.5499878,8.199999809
22.89999962,0.042029999000000005,28.0,3,0,0.463999987,6.441999912000001,53.59999847,3.665899992,1,1,18.20000076,395.01000980000003,8.159999847
25.0,0.028750001,28.0,3,0,0.463999987,6.210999966,28.89999962,3.665899992,1,1,18.20000076,396.32998660000004,6.2100000379999996
20.60000038,0.042939998,28.0,3,0,0.463999987,6.249000072,77.30000305,3.61500001,1,1,18.20000076,396.89999389999997,10.59000015
28.39999962,0.12204000400000001,0.0,1,0,0.444999993,6.625,57.79999924,3.4951999189999996,1,1,18.0,357.980011,6.650000095
21.39999962,0.11503999699999999,0.0,1,0,0.444999993,6.163000107,69.59999847,3.4951999189999996,1,1,18.0,391.82998660000004,11.34000015
38.70000076,0.12082999900000001,0.0,1,0,0.444999993,8.069000244,76.0,3.4951999189999996,1,1,18.0,396.89999389999997,4.210000038
43.79999924,0.081869997,0.0,1,0,0.444999993,7.820000172,36.90000153,3.4951999189999996,1,1,18.0,393.5299988,3.569999933
33.20000076,0.06859999900000001,0.0,1,0,0.444999993,7.415999889,62.5,3.4951999189999996,1,1,18.0,396.89999389999997,6.190000057000001
27.5,0.148660004,0.0,2,0,0.519999981,6.727000237,79.90000153,2.7778000830000003,2,3,20.89999962,394.76000980000003,9.420000076
26.5,0.11432000199999999,0.0,2,0,0.519999981,6.781000137,71.30000305,2.8561000819999998,2,3,20.89999962,395.57998660000004,7.670000076
18.60000038,0.228760004,0.0,2,0,0.519999981,6.40500021,85.40000153,2.7146999839999997,2,3,20.89999962,70.80000305,10.63000011
19.29999924,0.211610004,0.0,2,0,0.519999981,6.137000083999999,87.40000153,2.7146999839999997,2,3,20.89999962,394.4700012,13.43999958
20.10000038,0.139599994,0.0,2,0,0.519999981,6.166999817000001,90.0,2.421000004,2,3,20.89999962,392.69000239999997,12.32999992
19.5,0.13262000699999998,0.0,2,0,0.519999981,5.850999832,96.69999695,2.106899977,2,3,20.89999962,394.0499878,16.46999931
19.5,0.171200007,0.0,2,0,0.519999981,5.835999966,91.90000153,2.210999966,2,3,20.89999962,395.67001339999996,18.65999985
20.39999962,0.131170005,0.0,2,0,0.519999981,6.126999855,85.19999695,2.122400045,2,3,20.89999962,387.69000239999997,14.09000015
19.79999924,0.12802000300000002,0.0,2,0,0.519999981,6.473999977,97.09999847,2.432899952,2,3,20.89999962,395.23999019999997,12.27000046
19.39999962,0.263630003,0.0,2,0,0.519999981,6.229000092000001,91.19999695,2.545099974,2,3,20.89999962,391.230011,15.55000019
21.70000076,0.10792999699999999,0.0,2,0,0.519999981,6.195000172,54.40000153,2.7778000830000003,2,3,20.89999962,393.48999019999997,13.0
22.79999924,0.100840002,0.0,3,0,0.546999991,6.715000152999999,81.59999847,2.67750001,3,3,17.79999924,395.5899963,10.15999985
18.79999924,0.123290002,0.0,3,0,0.546999991,5.913000107,92.90000153,2.353399992,3,3,17.79999924,394.9500122,16.20999908
18.70000076,0.22212000199999998,0.0,3,0,0.546999991,6.092000007999999,95.40000153,2.548000097,3,3,17.79999924,396.89999389999997,17.09000015
18.5,0.142309994,0.0,3,0,0.546999991,6.254000187000001,84.19999695,2.256500006,3,3,17.79999924,388.73999019999997,10.44999981
18.29999924,0.171340004,0.0,3,0,0.546999991,5.9279999729999995,88.19999695,2.463099957,3,3,17.79999924,344.9100037,15.76000023
21.20000076,0.131579995,0.0,3,0,0.546999991,6.176000117999999,72.5,2.7300999160000003,3,3,17.79999924,393.2999878,12.03999996
19.20000076,0.150979996,0.0,3,0,0.546999991,6.020999907999999,82.59999847,2.747400045,3,3,17.79999924,394.51000980000003,10.30000019
20.39999962,0.130579993,0.0,3,0,0.546999991,5.872000217,73.09999847,2.477499962,3,3,17.79999924,338.63000489999996,15.36999989
19.29999924,0.144759998,0.0,3,0,0.546999991,5.730999947000001,65.19999695,2.7592000960000003,3,3,17.79999924,391.5,13.60999966
22.0,0.06899,0.0,4,0,0.58099997,5.8699998860000004,69.69999695,2.257699966,1,1,19.10000038,389.14999389999997,14.36999989
20.29999924,0.07164999799999999,0.0,4,0,0.58099997,6.004000187000001,84.09999847,2.197400093,1,1,19.10000038,377.67001339999996,14.27000046
20.5,0.092990004,0.0,4,0,0.58099997,5.960999966,92.90000153,2.086899996,1,1,19.10000038,378.0899963,17.93000031
17.29999924,0.15037999999999999,0.0,4,0,0.58099997,5.855999947000001,97.0,1.944399953,1,1,19.10000038,370.30999760000003,25.40999985
18.79999924,0.09849,0.0,4,0,0.58099997,5.879000187000001,95.80000305,2.006299973,1,1,19.10000038,379.38000489999996,17.57999992
21.39999962,0.169019997,0.0,4,0,0.58099997,5.986000061,88.40000153,1.9929000140000002,1,1,19.10000038,385.019989,14.81000042
15.69999981,0.38734999299999995,0.0,4,0,0.58099997,5.612999916000001,95.59999847,1.7572000030000001,1,1,19.10000038,359.2900085,27.26000023
16.20000076,0.259149998,0.0,4,0,0.624000013,5.69299984,96.0,1.788300037,1,3,21.20000076,392.10998539999997,17.19000053
18.0,0.325430006,0.0,4,0,0.624000013,6.431000233,98.80000305,1.8125,1,3,21.20000076,396.89999389999997,15.39000034
14.30000019,0.8812500240000001,0.0,4,0,0.624000013,5.637000083999999,94.69999695,1.979900002,1,3,21.20000076,396.89999389999997,18.34000015
19.20000076,0.34005999600000003,0.0,4,0,0.624000013,6.458000182999999,98.90000153,2.118499994,1,3,21.20000076,395.0400085,12.60000038
19.60000038,1.192939997,0.0,4,0,0.624000013,6.326000214,97.69999695,2.2709999080000003,1,3,21.20000076,396.89999389999997,12.26000023
23.0,0.590049982,0.0,4,0,0.624000013,6.372000217,97.90000153,2.327399969,1,3,21.20000076,385.76000980000003,11.11999989
18.39999962,0.32982000699999997,0.0,4,0,0.624000013,5.8220000270000005,95.40000153,2.469899893,1,3,21.20000076,388.69000239999997,15.02999973
15.60000038,0.976170003,0.0,4,0,0.624000013,5.756999969,98.40000153,2.345999956,1,3,21.20000076,262.76000980000003,17.30999947
18.10000038,0.5577800270000001,0.0,4,0,0.624000013,6.3350000379999996,98.19999695,2.110699892,1,3,21.20000076,394.67001339999996,16.95999908
17.39999962,0.322640002,0.0,4,0,0.624000013,5.941999912000001,93.5,1.966899991,1,3,21.20000076,378.25,16.89999962
17.10000038,0.352329999,0.0,4,0,0.624000013,6.453999996,98.40000153,1.849799991,1,3,21.20000076,394.07998660000004,14.59000015
13.30000019,0.249799997,0.0,4,0,0.624000013,5.8569998739999996,98.19999695,1.6685999630000001,1,3,21.20000076,392.0400085,21.31999969
17.79999924,0.54452002,0.0,4,0,0.624000013,6.151000023,97.90000153,1.66869998,1,3,21.20000076,396.89999389999997,18.45999908
14.0,0.290899992,0.0,4,0,0.624000013,6.173999786,93.59999847,1.6118999719999998,1,3,21.20000076,388.07998660000004,24.15999985
14.39999962,1.6286400559999998,0.0,4,0,0.624000013,5.019000053,100.0,1.439399958,1,3,21.20000076,396.89999389999997,34.40999985
13.39999962,3.321049929,0.0,4,1,0.870999992,5.402999877999999,100.0,1.32159996,2,3,14.69999981,396.89999389999997,26.81999969
15.60000038,4.097400188,0.0,4,0,0.870999992,5.467999935,100.0,1.411800027,2,3,14.69999981,396.89999389999997,26.42000008
11.80000019,2.779740095,0.0,4,0,0.870999992,4.902999878,97.80000305,1.345900059,2,3,14.69999981,396.89999389999997,29.29000092
13.80000019,2.3793399330000002,0.0,4,0,0.870999992,6.1300001139999996,100.0,1.4191000459999998,2,3,14.69999981,172.91000369999998,27.79999924
15.60000038,2.1550500390000003,0.0,4,0,0.870999992,5.627999783,100.0,1.5166000130000001,2,3,14.69999981,169.2700043,16.64999962
14.60000038,2.368619919,0.0,4,0,0.870999992,4.926000118,95.69999695,1.460800052,2,3,14.69999981,391.7099915,29.53000069
17.79999924,2.330990076,0.0,4,0,0.870999992,5.18599987,93.80000305,1.529600024,2,3,14.69999981,356.98999019999997,28.31999969
15.39999962,2.733969927,0.0,4,0,0.870999992,5.597000122000001,94.90000153,1.525699973,2,3,14.69999981,351.85000610000003,21.45000076
21.5,1.6565999980000001,0.0,4,0,0.870999992,6.122000217,97.30000305,1.618000031,2,3,14.69999981,372.7999878,14.10000038
19.60000038,1.496320009,0.0,4,0,0.870999992,5.403999805,100.0,1.591599941,2,3,14.69999981,341.60000610000003,13.27999973
15.30000019,1.12658,0.0,4,1,0.870999992,5.012000083999999,88.0,1.610200047,2,3,14.69999981,343.2799988,12.11999989
19.39999962,2.149179935,0.0,4,0,0.870999992,5.709000111,98.5,1.623200059,2,3,14.69999981,261.9500122,15.78999996
17.0,1.41384995,0.0,4,1,0.870999992,6.129000187000001,96.0,1.74940002,2,3,14.69999981,321.019989,15.11999989
15.60000038,3.535010099,0.0,4,1,0.870999992,6.15199995,82.59999847,1.7454999690000002,2,3,14.69999981,88.01000214,15.02000046
13.10000038,2.446680069,0.0,4,0,0.870999992,5.271999836,94.0,1.7364000080000002,2,3,14.69999981,88.62999725,16.13999939
41.29999924,1.223580003,0.0,4,0,0.605000019,6.94299984,97.40000153,1.877300024,2,3,14.69999981,363.42999269999996,4.590000153
24.29999924,1.342839956,0.0,4,0,0.605000019,6.065999985,100.0,1.757300019,2,3,14.69999981,353.89001460000003,6.429999828
23.29999924,1.425019979,0.0,4,0,0.870999992,6.510000229,100.0,1.765900016,2,3,14.69999981,364.30999760000003,7.389999866
27.0,1.273460031,0.0,4,1,0.605000019,6.25,92.59999847,1.798400044,2,3,14.69999981,338.92001339999996,5.5
50.0,1.4633599519999998,0.0,4,0,0.605000019,7.488999843999999,90.80000305,1.970900059,2,3,14.69999981,374.42999269999996,1.730000019
50.0,1.8337700369999999,0.0,4,1,0.605000019,7.802000046,98.19999695,2.040699959,2,3,14.69999981,389.60998539999997,1.919999957
50.0,1.519019961,0.0,4,1,0.605000019,8.375,93.90000153,2.161999941,2,3,14.69999981,388.4500122,3.319999933
22.70000076,2.242360115,0.0,4,0,0.605000019,5.854000092000001,91.80000305,2.4219999309999998,2,3,14.69999981,395.10998539999997,11.64000034
25.0,2.924000025,0.0,4,0,0.605000019,6.100999832,93.0,2.283400059,2,3,14.69999981,240.1600037,9.81000042
50.0,2.01019001,0.0,4,0,0.605000019,7.928999901,96.19999695,2.045900106,2,3,14.69999981,369.2999878,3.700000048
23.79999924,1.800279975,0.0,4,0,0.605000019,5.876999855,79.19999695,2.425899982,2,3,14.69999981,227.6100006,12.14000034
23.79999924,2.300400019,0.0,4,0,0.605000019,6.318999767,96.09999847,2.099999905,2,3,14.69999981,297.0899963,11.10000038
22.29999924,2.449529886,0.0,4,0,0.605000019,6.40199995,95.19999695,2.262500048,2,3,14.69999981,330.0400085,11.31999969
17.39999962,1.2074199909999999,0.0,4,0,0.605000019,5.875,94.59999847,2.425899982,2,3,14.69999981,292.2900085,14.43000031
19.10000038,2.3138999940000002,0.0,4,0,0.605000019,5.8800001139999996,97.30000305,2.3887000080000003,2,3,14.69999981,348.13000489999996,12.02999973
23.10000038,0.139139995,0.0,1,0,0.50999999,5.5720000270000005,88.5,2.596100092,2,2,16.60000038,396.89999389999997,14.68999958
23.60000038,0.091779999,0.0,1,0,0.50999999,6.415999889,84.09999847,2.646300077,2,2,16.60000038,395.5,9.039999962000001
22.60000038,0.08446999599999999,0.0,1,0,0.50999999,5.859000206,68.69999695,2.701900005,2,2,16.60000038,393.230011,9.640000342999999
29.39999962,0.066639997,0.0,1,0,0.50999999,6.546000004,33.09999847,3.1322999,2,2,16.60000038,390.9599915,5.329999924
23.20000076,0.07022000099999999,0.0,1,0,0.50999999,6.019999981000001,47.20000076,3.5548999310000005,2,2,16.60000038,393.230011,10.10999966
24.60000038,0.054249998,0.0,1,0,0.50999999,6.315000057000001,73.40000153,3.3175001139999996,2,2,16.60000038,395.60000610000003,6.2899999620000004
29.89999962,0.066419996,0.0,1,0,0.50999999,6.860000134,74.40000153,2.9152998919999997,2,2,16.60000038,391.269989,6.920000076
37.20000076,0.057799999000000005,0.0,1,0,0.488000005,6.980000018999999,58.40000153,2.8289999960000003,1,1,17.79999924,396.89999389999997,5.039999962
39.79999924,0.065880001,0.0,1,0,0.488000005,7.764999866,83.30000305,2.7409999369999998,1,1,17.79999924,395.55999760000003,7.559999942999999
36.20000076,0.068879999,0.0,1,0,0.488000005,6.144000052999999,62.20000076,2.597899914,1,1,17.79999924,396.89999389999997,9.449999809
37.90000153,0.091030002,0.0,1,0,0.488000005,7.15500021,92.19999695,2.7005999089999997,1,1,17.79999924,394.11999510000004,4.820000172
32.5,0.100079998,0.0,1,0,0.488000005,6.5630002020000004,95.59999847,2.8469998839999997,1,1,17.79999924,396.89999389999997,5.679999828
26.39999962,0.083080001,0.0,1,0,0.488000005,5.604000092000001,89.80000305,2.9879000189999996,1,1,17.79999924,391.0,13.97999954
29.60000038,0.06047,0.0,1,0,0.488000005,6.152999877999999,68.80000305,3.2797000410000003,1,1,17.79999924,387.10998539999997,13.14999962
50.0,0.056019999,0.0,1,0,0.488000005,7.8309998510000005,53.59999847,3.199199915,1,1,17.79999924,392.63000489999996,4.4499998089999995
32.0,0.078749999,45.0,1,0,0.437000006,6.782000065,41.09999847,3.788599968,2,3,15.19999981,393.86999510000004,6.679999828
29.79999924,0.12579,45.0,1,0,0.437000006,6.556000233,29.10000038,4.566699982,2,3,15.19999981,382.8399963,4.559999943
34.90000153,0.083700001,45.0,1,0,0.437000006,7.184999942999999,38.90000153,4.566699982,2,3,15.19999981,396.89999389999997,5.389999866
37.0,0.09068000300000001,45.0,1,0,0.437000006,6.951000214,21.5,6.479800224,2,3,15.19999981,377.67999269999996,5.099999905
30.5,0.069109999,45.0,1,0,0.437000006,6.738999843999999,30.79999924,6.479800224,2,3,15.19999981,389.7099915,4.690000057
36.40000153,0.08664,45.0,1,0,0.437000006,7.1779999729999995,26.29999924,6.479800224,2,3,15.19999981,390.48999019999997,2.8699998860000004
31.10000038,0.02187,60.0,1,0,0.40099999299999994,6.8000001910000005,9.899999618999999,6.219600201,1,1,15.60000038,393.36999510000004,5.03000021
29.10000038,0.01439,60.0,1,0,0.40099999299999994,6.604000092000001,18.79999924,6.219600201,1,1,15.60000038,376.7000122,4.3800001139999996
33.29999924,0.040109999,80.0,1,0,0.40400001399999996,7.287000179,34.09999847,7.309000015,1,2,12.60000038,396.89999389999997,4.079999924
30.29999924,0.046659999,80.0,1,0,0.40400001399999996,7.1069998739999996,36.59999847,7.309000015,1,2,12.60000038,354.30999760000003,8.609999657000001
34.59999847,0.03768,80.0,1,0,0.40400001399999996,7.274000168,38.29999924,7.309000015,1,2,12.60000038,392.2000122,6.6199998860000004
34.90000153,0.031500001,95.0,1,0,0.40299999700000005,6.974999905,15.30000019,7.653399943999999,1,3,17.0,396.89999389999997,4.559999943
32.90000153,0.01778,95.0,1,0,0.40299999700000005,7.135000229,13.89999962,7.653399943999999,1,3,17.0,384.2999878,4.4499998089999995
24.10000038,0.034449997999999996,82.5,1,0,0.41499999200000004,6.162000179,38.40000153,6.269999981000001,1,3,14.69999981,393.769989,7.429999828
42.29999924,0.021769999999999998,82.5,1,0,0.41499999200000004,7.610000134,15.69999981,6.269999981000001,1,3,14.69999981,395.38000489999996,3.109999895
22.60000038,0.136419997,0.0,3,0,0.48899999299999997,5.890999794,22.29999924,3.9454,1,1,18.60000038,396.89999389999997,10.86999989
24.39999962,0.22969,0.0,3,0,0.48899999299999997,6.326000214,52.5,4.354899883,1,1,18.60000038,394.86999510000004,10.97000027
22.5,0.25198999,0.0,3,0,0.48899999299999997,5.782999992000001,72.69999695,4.354899883,1,1,18.60000038,389.42999269999996,18.05999947
24.39999962,0.135869995,0.0,3,1,0.48899999299999997,6.06400013,59.09999847,4.239200115,1,1,18.60000038,381.32000730000004,14.65999985
20.0,0.43571001299999995,0.0,3,1,0.48899999299999997,5.3439998630000005,100.0,3.875,1,1,18.60000038,396.89999389999997,23.09000015
21.70000076,0.17445999399999998,0.0,3,1,0.48899999299999997,5.9600000379999996,92.09999847,3.877099991,1,1,18.60000038,393.25,17.27000046
19.29999924,0.375779986,0.0,3,1,0.48899999299999997,5.403999805,88.59999847,3.664999962,1,1,18.60000038,395.23999019999997,23.97999954
22.39999962,0.217189997,0.0,3,1,0.48899999299999997,5.80700016,53.79999924,3.65260005,1,1,18.60000038,390.94000239999997,16.03000069
28.10000038,0.140520006,0.0,3,0,0.48899999299999997,6.375,32.29999924,3.9454,1,1,18.60000038,385.80999760000003,9.380000114
23.70000076,0.289550006,0.0,3,0,0.48899999299999997,5.412000179,9.800000191,3.587500095,1,1,18.60000038,348.92999269999996,29.54999924
25.0,0.198019996,0.0,3,0,0.48899999299999997,6.18200016,42.40000153,3.9454,1,1,18.60000038,393.63000489999996,9.470000267
23.29999924,0.045600000999999994,0.0,3,1,0.550000012,5.888000011,56.0,3.112099886,2,1,16.39999962,392.7999878,13.51000023
28.70000076,0.070129998,0.0,3,0,0.550000012,6.642000198,85.09999847,3.4210999010000003,2,1,16.39999962,392.7799988,9.68999958
21.5,0.11068999800000001,0.0,3,1,0.550000012,5.951000214,93.80000305,2.889300108,2,1,16.39999962,396.89999389999997,17.92000008
23.0,0.11424999699999999,0.0,3,1,0.550000012,6.373000145,92.40000153,3.363300085,2,1,16.39999962,393.73999019999997,10.5
26.70000076,0.358090013,0.0,2,1,0.507000029,6.951000214,88.5,2.8617000580000003,3,2,17.39999962,391.7000122,9.710000037999999
21.70000076,0.407709986,0.0,2,1,0.507000029,6.164000034,91.30000305,3.048000097,3,2,17.39999962,395.23999019999997,21.45999908
27.5,0.623560011,0.0,2,1,0.507000029,6.879000187000001,77.69999695,3.272099972,3,2,17.39999962,390.39001460000003,9.930000305
30.10000038,0.6147000189999999,0.0,2,0,0.507000029,6.618000031,80.80000305,3.272099972,3,2,17.39999962,396.89999389999997,7.599999905
44.79999924,0.31532999899999997,0.0,2,0,0.504000008,8.265999793999999,78.30000305,2.8943998810000005,3,2,17.39999962,385.0499878,4.139999866
50.0,0.526929975,0.0,2,0,0.504000008,8.725000381000001,83.0,2.8943998810000005,3,2,17.39999962,382.0,4.6300001139999996
37.59999847,0.382140011,0.0,2,0,0.504000008,8.039999962000001,86.5,3.215699911,3,2,17.39999962,387.38000489999996,3.1300001139999996
31.60000038,0.41238001,0.0,2,0,0.504000008,7.163000107,79.90000153,3.215699911,3,2,17.39999962,372.07998660000004,6.360000134
46.70000076,0.298189998,0.0,2,0,0.504000008,7.68599987,17.0,3.3750998969999997,3,2,17.39999962,377.51000980000003,3.9200000760000004
31.5,0.44178000100000003,0.0,2,0,0.504000008,6.552000046,21.39999962,3.3750998969999997,3,2,17.39999962,380.3399963,3.75999999
24.29999924,0.537,0.0,2,0,0.504000008,5.980999947000001,68.09999847,3.671499968,3,2,17.39999962,378.35000610000003,11.64999962
31.70000076,0.462960005,0.0,2,0,0.504000008,7.412000179,76.90000153,3.671499968,3,2,17.39999962,376.14001460000003,5.25
41.70000076,0.575290024,0.0,2,0,0.507000029,8.336999893,73.30000305,3.838399887,3,2,17.39999962,385.9100037,2.470000029
48.29999924,0.331470013,0.0,2,0,0.507000029,8.246999741,70.40000153,3.6519000530000003,3,2,17.39999962,378.9500122,3.950000048
29.0,0.447910011,0.0,2,1,0.507000029,6.725999832,66.5,3.6519000530000003,3,2,17.39999962,360.2000122,8.050000191
24.0,0.330449998,0.0,2,0,0.507000029,6.085999966,61.5,3.6519000530000003,3,2,17.39999962,376.75,10.88000011
25.10000038,0.520579994,0.0,2,1,0.507000029,6.631000042,76.5,4.1479997630000005,3,2,17.39999962,388.4500122,9.539999962000001
31.5,0.511829972,0.0,2,0,0.507000029,7.357999802,71.59999847,4.1479997630000005,3,2,17.39999962,390.07000730000004,4.730000018999999
23.70000076,0.082439996,30.0,1,0,0.42800000299999996,6.480999947000001,18.5,6.189899921,3,2,16.60000038,379.4100037,6.360000134
23.29999924,0.092519999,30.0,1,0,0.42800000299999996,6.605999947000001,42.20000076,6.189899921,3,2,16.60000038,383.7799988,7.3699998860000004
22.0,0.11328999699999999,30.0,1,0,0.42800000299999996,6.896999836,54.29999924,6.336100101,3,2,16.60000038,391.25,11.38000011
20.10000038,0.10611999800000001,30.0,1,0,0.42800000299999996,6.09499979,65.09999847,6.336100101,3,2,16.60000038,394.61999510000004,12.39999962
22.20000076,0.102899998,30.0,1,0,0.42800000299999996,6.357999802,52.90000153,7.03550005,3,2,16.60000038,372.75,11.22000027
23.70000076,0.12757000300000002,30.0,1,0,0.42800000299999996,6.3930001260000004,7.8000001910000005,7.03550005,3,2,16.60000038,374.7099915,5.190000057
17.60000038,0.206080005,22.0,2,0,0.430999994,5.592999935,76.5,7.954899788,3,3,19.10000038,372.48999019999997,12.5
18.5,0.19133000100000003,22.0,2,0,0.430999994,5.605000018999999,70.19999695,7.954899788,3,3,19.10000038,389.13000489999996,18.45999908
24.29999924,0.339830011,22.0,2,0,0.430999994,6.107999802,34.90000153,8.055500031000001,3,3,19.10000038,390.17999269999996,9.159999847
20.5,0.196569994,22.0,2,0,0.430999994,6.225999832,79.19999695,8.055500031000001,3,3,19.10000038,376.14001460000003,10.14999962
24.5,0.164389998,22.0,2,0,0.430999994,6.433000087999999,49.09999847,7.826499939,3,3,19.10000038,374.7099915,9.520000458
26.20000076,0.190730006,22.0,2,0,0.430999994,6.717999935,17.5,7.826499939,3,3,19.10000038,393.73999019999997,6.559999942999999
24.39999962,0.140300006,22.0,2,0,0.430999994,6.486999989,13.0,7.396699905,3,3,19.10000038,396.2799988,5.900000095
24.79999924,0.214090005,22.0,2,0,0.430999994,6.4380002020000004,8.899999618999999,7.396699905,3,3,19.10000038,377.07000730000004,3.589999914
29.60000038,0.082209997,22.0,2,0,0.430999994,6.956999778999999,6.8000001910000005,8.906700134,3,3,19.10000038,386.0899963,3.529999971
42.79999924,0.368939996,22.0,2,0,0.430999994,8.258999825,8.399999618999999,8.906700134,3,3,19.10000038,396.89999389999997,3.539999962
21.89999962,0.048190000999999996,80.0,1,0,0.39199999,6.107999802,32.0,9.220299721,1,2,16.39999962,392.89001460000003,6.570000172
20.89999962,0.035480000000000005,80.0,1,0,0.39199999,5.875999928,19.10000038,9.220299721,1,2,16.39999962,395.17999269999996,9.25
44.0,0.015380000000000001,90.0,1,0,0.39399999399999996,7.453999996,34.20000076,6.336100101,1,1,15.89999962,386.3399963,3.109999895
36.0,0.663510025,20.0,1,0,0.647000015,7.333000182999999,100.0,1.894600034,2,1,13.0,383.2900085,7.7899999620000004
30.10000038,0.656650007,20.0,1,0,0.647000015,6.842000007999999,100.0,2.0106999869999997,2,1,13.0,391.92999269999996,6.900000095
33.79999924,0.540109992,20.0,1,0,0.647000015,7.203000069,81.80000305,2.1120998859999998,2,1,13.0,392.7999878,9.590000153
43.09999847,0.5341200229999999,20.0,1,0,0.647000015,7.519999981000001,89.40000153,2.139800072,2,1,13.0,388.36999510000004,7.260000229
31.0,0.8252599840000001,20.0,1,0,0.647000015,7.327000141,94.5,2.0787999630000003,2,1,13.0,393.42001339999996,11.25
36.5,0.550069988,20.0,1,0,0.647000015,7.2059998510000005,91.59999847,1.930099964,2,1,13.0,387.89001460000003,8.100000381000001
22.79999924,0.761619985,20.0,1,0,0.647000015,5.559999942999999,62.79999924,1.986500025,2,1,13.0,392.39999389999997,10.44999981
30.70000076,0.785700023,20.0,1,0,0.647000015,7.013999939,84.59999847,2.1329,2,1,13.0,384.07000730000004,14.78999996
43.5,0.540499985,20.0,1,0,0.574999988,7.46999979,52.59999847,2.871999979,2,1,13.0,390.2999878,3.160000086
20.70000076,0.09065,20.0,2,1,0.463999987,5.920000076,61.5,3.9175000189999998,1,1,18.60000038,391.3399963,13.64999962
21.10000038,0.299160004,20.0,2,0,0.463999987,5.855999947000001,42.09999847,4.428999901,1,1,18.60000038,388.64999389999997,13.0
25.20000076,0.162110001,20.0,2,0,0.463999987,6.239999771,16.29999924,4.428999901,1,1,18.60000038,396.89999389999997,6.590000152999999
24.39999962,0.114600003,20.0,2,0,0.463999987,6.538000107,58.70000076,3.9175000189999998,1,1,18.60000038,394.9599915,7.730000018999999
35.20000076,0.221880004,20.0,2,1,0.463999987,7.690999985,51.79999924,4.366499901,1,1,18.60000038,390.769989,6.579999924
32.40000153,0.056439999000000005,40.0,2,1,0.44699999700000004,6.757999897,32.90000153,4.077600002,1,1,17.60000038,396.89999389999997,3.529999971
32.0,0.09604000300000001,40.0,2,0,0.44699999700000004,6.854000092000001,42.79999924,4.267300129,1,1,17.60000038,396.89999389999997,2.9800000189999998
33.20000076,0.10469,40.0,2,1,0.44699999700000004,7.267000198,49.0,4.787199974,1,1,17.60000038,389.25,6.0500001910000005
33.09999847,0.061269999000000006,40.0,2,1,0.44699999700000004,6.826000214,27.60000038,4.862800121,1,1,17.60000038,393.4500122,4.159999847
29.10000038,0.079779997,40.0,2,0,0.44699999700000004,6.4819998739999996,32.09999847,4.140299797,1,1,17.60000038,396.89999389999997,7.190000057000001
35.09999847,0.210380003,20.0,1,0,0.442900002,6.8119997979999996,32.20000076,4.100699902,2,1,14.89999962,396.89999389999997,4.849999905
45.40000153,0.035780001,20.0,1,0,0.442900002,7.820000172,64.5,4.694699764,2,1,14.89999962,387.30999760000003,3.75999999
35.40000153,0.037050001,20.0,1,0,0.442900002,6.967999935,37.20000076,5.244699955,2,1,14.89999962,392.230011,4.590000153
46.0,0.06129,20.0,1,1,0.442900002,7.644999981000001,49.70000076,5.211900234,2,1,14.89999962,377.07000730000004,3.00999999
32.20000076,0.009059999999999999,90.0,1,0,0.400000006,7.087999821,20.79999924,7.307300091,1,2,15.30000019,394.7200012,7.849999905
22.0,0.01096,55.0,1,0,0.388999999,6.453000069,31.89999962,7.307300091,1,2,15.30000019,394.7200012,8.229999542
20.10000038,0.019649998999999998,80.0,1,0,0.38499999,6.230000018999999,31.5,9.08920002,1,1,18.20000076,341.60000610000003,12.93000031
23.20000076,0.038710002,52.5,2,0,0.405000001,6.209000111,31.29999924,7.317200184,3,2,16.60000038,396.89999389999997,7.139999866
22.29999924,0.045899998,52.5,2,0,0.405000001,6.315000057000001,45.59999847,7.317200184,3,2,16.60000038,396.89999389999997,7.599999905
24.79999924,0.042970002,52.5,2,0,0.405000001,6.565000057000001,22.89999962,7.317200184,3,2,16.60000038,371.7200012,9.510000229
28.5,0.035020001,80.0,1,0,0.411000013,6.861000061,27.89999962,5.116700172,1,1,19.20000076,396.89999389999997,3.3299999239999996
37.29999924,0.07886,80.0,1,0,0.411000013,7.147999763,27.70000076,5.116700172,1,1,19.20000076,396.89999389999997,3.5599999430000002
27.89999962,0.036150001,80.0,1,0,0.411000013,6.6300001139999996,23.39999962,5.116700172,1,1,19.20000076,396.89999389999997,4.6999998089999995
23.89999962,0.082649998,0.0,3,0,0.437000006,6.126999855,18.39999962,5.502699852,1,2,16.0,396.89999389999997,8.579999924
21.70000076,0.081990004,0.0,3,0,0.437000006,6.008999825,42.29999924,5.502699852,1,2,16.0,396.89999389999997,10.39999962
28.60000038,0.129319996,0.0,3,0,0.437000006,6.6779999729999995,31.10000038,5.960400105,1,2,16.0,396.89999389999997,6.269999981000001
27.10000038,0.053720000999999996,0.0,3,0,0.437000006,6.548999786,51.0,5.960400105,1,2,16.0,392.85000610000003,7.389999866
20.29999924,0.14102999900000002,0.0,3,0,0.437000006,5.7899999620000004,58.0,6.320000172,1,2,16.0,396.89999389999997,15.84000015
22.5,0.064659998,70.0,1,0,0.400000006,6.34499979,20.10000038,7.827799797000001,2,3,14.80000019,368.23999019999997,4.96999979
29.0,0.055610001,70.0,1,0,0.400000006,7.040999889,10.0,7.827799797000001,2,3,14.80000019,371.57998660000004,4.739999771
24.79999924,0.04417,70.0,1,0,0.400000006,6.870999812999999,47.40000153,7.827799797000001,2,3,14.80000019,390.85998539999997,6.070000172
22.0,0.03537,34.0,2,0,0.432999998,6.590000152999999,40.40000153,5.491700172000001,3,2,16.10000038,395.75,9.5
26.39999962,0.09266000199999999,34.0,2,0,0.432999998,6.4949998860000004,18.39999962,5.491700172000001,3,2,16.10000038,383.60998539999997,8.670000076
33.09999847,0.10000000099999999,34.0,2,0,0.432999998,6.9819998739999996,17.70000076,5.491700172000001,3,2,16.10000038,390.42999269999996,4.860000134
36.09999847,0.055149999000000005,33.0,1,0,0.47200000299999995,7.236000061,41.09999847,4.021999836,3,1,18.39999962,393.67999269999996,6.929999828
28.39999962,0.054790001,33.0,1,0,0.47200000299999995,6.616000175,58.09999847,3.3699998860000004,3,1,18.39999962,393.35998539999997,8.930000305
33.40000153,0.075029999,33.0,1,0,0.47200000299999995,7.420000076,71.90000153,3.09920001,3,1,18.39999962,396.89999389999997,6.46999979
28.20000076,0.049320000999999995,33.0,1,0,0.47200000299999995,6.848999977,70.30000305,3.1826999189999996,3,1,18.39999962,396.89999389999997,7.53000021
22.79999924,0.49298000299999994,0.0,3,0,0.54400003,6.635000229,82.5,3.3175001139999996,1,2,18.39999962,396.89999389999997,4.539999962
20.29999924,0.349400014,0.0,3,0,0.54400003,5.972000122000001,76.69999695,3.102499962,1,2,18.39999962,396.23999019999997,9.970000267
16.10000038,2.635479927,0.0,3,0,0.54400003,4.97300005,37.79999924,2.519399881,1,2,18.39999962,350.4500122,12.64000034
22.10000038,0.790409982,0.0,3,0,0.54400003,6.122000217,52.79999924,2.640300035,1,2,18.39999962,396.89999389999997,5.980000018999999
19.39999962,0.261689991,0.0,3,0,0.54400003,6.022999763,90.40000153,2.8340001110000004,1,2,18.39999962,396.2999878,11.72000027
21.60000038,0.26938000300000003,0.0,3,0,0.54400003,6.265999794,82.80000305,3.2627999780000003,1,2,18.39999962,393.39001460000003,7.900000095
23.79999924,0.369199991,0.0,3,0,0.54400003,6.566999912000001,87.30000305,3.602299929,1,2,18.39999962,395.69000239999997,9.279999733
16.20000076,0.253560007,0.0,3,0,0.54400003,5.704999924,77.69999695,3.944999933,1,2,18.39999962,396.42001339999996,11.5
17.79999924,0.318269998,0.0,3,0,0.54400003,5.914000034,83.19999695,3.998600006,1,2,18.39999962,390.7000122,18.32999992
19.79999924,0.24522000600000002,0.0,3,0,0.54400003,5.782000065,71.69999695,4.031700133999999,1,2,18.39999962,396.89999389999997,15.93999958
23.10000038,0.402020007,0.0,3,0,0.54400003,6.381999969,67.19999695,3.532500029,1,2,18.39999962,395.2099915,10.35999966
21.0,0.475470006,0.0,3,0,0.54400003,6.112999916000001,58.79999924,4.001900196,1,2,18.39999962,396.230011,12.72999954
23.79999924,0.167600006,0.0,2,0,0.493000001,6.426000117999999,52.29999924,4.5404000280000005,2,2,19.60000038,396.89999389999997,7.1999998089999995
23.10000038,0.18159000600000003,0.0,2,0,0.493000001,6.375999928,54.29999924,4.5404000280000005,2,2,19.60000038,396.89999389999997,6.8699998860000004
20.39999962,0.351139992,0.0,2,0,0.493000001,6.040999889,49.90000153,4.721099853999999,2,2,19.60000038,396.89999389999997,7.6999998089999995
18.5,0.28391999,0.0,2,0,0.493000001,5.708000182999999,74.30000305,4.721099853999999,2,2,19.60000038,391.13000489999996,11.73999977
25.0,0.341089994,0.0,2,0,0.493000001,6.4149999620000004,40.09999847,4.721099853999999,2,2,19.60000038,396.89999389999997,6.1199998860000004
24.60000038,0.191860005,0.0,2,0,0.493000001,6.431000233,14.69999981,5.41590023,2,2,19.60000038,393.67999269999996,5.079999924
23.0,0.303469986,0.0,2,0,0.493000001,6.3119997979999996,28.89999962,5.41590023,2,2,19.60000038,396.89999389999997,6.150000095
22.20000076,0.241029993,0.0,2,0,0.493000001,6.083000182999999,43.70000076,5.41590023,2,2,19.60000038,396.89999389999997,12.78999996
19.29999924,0.06617,0.0,1,0,0.46000000799999996,5.868000031,25.79999924,5.214600086,1,3,16.89999962,382.44000239999997,9.970000267
22.60000038,0.06724,0.0,1,0,0.46000000799999996,6.333000182999999,17.20000076,5.214600086,1,3,16.89999962,375.2099915,7.340000152999999
19.79999924,0.045439999999999994,0.0,1,0,0.46000000799999996,6.144000052999999,32.20000076,5.873600006,1,3,16.89999962,368.57000730000004,9.090000153
17.10000038,0.050230000000000004,35.0,2,0,0.43790000700000004,5.7059998510000005,28.39999962,6.640699862999999,1,2,16.89999962,394.019989,12.43000031
19.39999962,0.03466,35.0,2,0,0.43790000700000004,6.031000137,23.29999924,6.640699862999999,1,2,16.89999962,362.25,7.829999924
22.20000076,0.050829999,0.0,1,0,0.514999986,6.315999985,38.09999847,6.458399772999999,2,1,20.20000076,389.7099915,5.679999828
20.70000076,0.037379999,0.0,1,0,0.514999986,6.309999942999999,38.5,6.458399772999999,2,1,20.20000076,389.39999389999997,6.75
21.10000038,0.039609998,0.0,1,0,0.514999986,6.037000179,34.5,5.985300064,2,1,20.20000076,396.89999389999997,8.010000229
19.5,0.03427,0.0,1,0,0.514999986,5.868999958,46.29999924,5.231100082,2,1,20.20000076,396.89999389999997,9.800000191
18.5,0.030409999,0.0,1,0,0.514999986,5.894999981000001,59.59999847,5.614999771,2,1,20.20000076,394.80999760000003,10.56000042
20.60000038,0.033059999,0.0,1,0,0.514999986,6.059000015,37.29999924,4.812200069,2,1,20.20000076,396.14001460000003,8.510000229
19.0,0.054970000000000005,0.0,1,0,0.514999986,5.985000134,45.40000153,4.812200069,2,1,20.20000076,396.89999389999997,9.739999771
18.70000076,0.06151,0.0,1,0,0.514999986,5.967999935,58.5,4.812200069,2,1,20.20000076,396.89999389999997,9.289999962000001
32.70000076,0.013009999999999999,35.0,1,0,0.442000002,7.241000175,49.29999924,7.037899971,1,2,15.5,394.73999019999997,5.489999771
16.5,0.024979999,0.0,1,0,0.518000007,6.5399999620000004,59.70000076,6.266900063,1,3,15.89999962,389.9599915,8.649999618999999
23.89999962,0.025429999,55.0,1,0,0.483999997,6.696000099,56.40000153,5.73210001,2,3,17.60000038,396.89999389999997,7.179999828
31.20000076,0.030489999999999996,55.0,1,0,0.483999997,6.874000072,28.10000038,6.465400219,2,3,17.60000038,387.9700012,4.610000134
17.5,0.031129999,0.0,1,0,0.442000002,6.013999939,48.5,8.013600348999999,1,3,18.79999924,385.64001460000003,10.52999973
17.20000076,0.061620000999999994,0.0,1,0,0.442000002,5.897999763,52.29999924,8.013600348999999,1,3,18.79999924,364.60998539999997,12.67000008
23.10000038,0.0187,85.0,1,0,0.42899999,6.515999794,27.70000076,8.535300255,1,3,17.89999962,392.42999269999996,6.360000134
24.5,0.015009999999999999,80.0,1,0,0.43500000200000005,6.635000229,29.70000076,8.343999862999999,1,2,17.0,390.94000239999997,5.989999771
26.60000038,0.02899,40.0,1,0,0.42899999,6.93900013,34.5,8.792099953,1,3,19.70000076,389.85000610000003,5.889999866
22.89999962,0.062109999000000006,40.0,1,0,0.42899999,6.489999771,44.40000153,8.792099953,1,3,19.70000076,396.89999389999997,5.980000018999999
24.10000038,0.079499997,60.0,1,0,0.411000013,6.578999996,35.90000153,10.71030045,1,3,18.29999924,370.7799988,5.489999771
18.60000038,0.07243999799999999,60.0,1,0,0.411000013,5.883999825,18.5,10.71030045,1,3,18.29999924,392.32998660000004,7.7899999620000004
30.10000038,0.01709,90.0,1,0,0.40999999600000003,6.728000164,36.09999847,12.12650013,2,1,17.0,384.4599915,4.5
18.20000076,0.04301,80.0,1,0,0.412999988,5.663000107,21.89999962,10.58570004,1,3,22.0,382.7999878,8.050000191
20.60000038,0.106590003,80.0,1,0,0.412999988,5.93599987,19.5,10.58570004,1,3,22.0,376.0400085,5.570000172
17.79999924,8.982959747,0.0,3,1,0.7699999809999999,6.211999893,97.40000153,2.122200012,4,4,20.20000076,377.730011,17.60000038
21.70000076,3.849699974,0.0,3,1,0.7699999809999999,6.394999981000001,91.0,2.505199909,4,4,20.20000076,391.3399963,13.27000046
22.70000076,5.201769829,0.0,3,1,0.7699999809999999,6.126999855,83.40000153,2.7227001189999998,4,4,20.20000076,395.42999269999996,11.47999954
22.60000038,4.261310101,0.0,3,0,0.7699999809999999,6.111999989,81.30000305,2.50909996,4,4,20.20000076,390.73999019999997,12.67000008
25.0,4.541920185,0.0,3,0,0.7699999809999999,6.397999763,88.0,2.518199921,4,4,20.20000076,374.55999760000003,7.7899999620000004
19.89999962,3.8368399139999996,0.0,3,0,0.7699999809999999,6.250999928,91.09999847,2.29550004,4,4,20.20000076,350.64999389999997,14.18999958
20.79999924,3.6782200339999997,0.0,3,0,0.7699999809999999,5.361999989,96.19999695,2.103600025,4,4,20.20000076,380.7900085,10.18999958
16.79999924,4.222390175,0.0,3,1,0.7699999809999999,5.8029999729999995,89.0,1.904700041,4,4,20.20000076,353.0400085,14.64000034
21.89999962,3.474280119,0.0,3,1,0.717999995,8.779999733,82.90000153,1.904700041,4,4,20.20000076,354.5499878,5.289999962
27.5,4.555870056,0.0,3,0,0.717999995,3.5610001089999996,87.90000153,1.613199949,4,4,20.20000076,354.7000122,7.1199998860000004
21.89999962,3.696949959,0.0,3,0,0.717999995,4.962999821,91.40000153,1.752300024,4,4,20.20000076,316.0299988,14.0
50.0,4.898220062,0.0,3,0,0.6309999820000001,4.96999979,100.0,1.332499981,4,4,20.20000076,375.519989,3.25999999
50.0,5.669980048999999,0.0,3,1,0.6309999820000001,6.683000087999999,96.80000305,1.356699944,4,4,20.20000076,375.32998660000004,3.7300000189999998
50.0,6.538760185,0.0,3,1,0.6309999820000001,7.015999794,97.5,1.202399969,4,4,20.20000076,392.0499878,2.960000038
50.0,9.232299805,0.0,3,0,0.6309999820000001,6.21600008,100.0,1.1691000459999998,4,4,20.20000076,366.14999389999997,9.529999733
50.0,8.267250061,0.0,3,1,0.667999983,5.875,89.59999847,1.129600048,4,4,20.20000076,347.88000489999996,8.880000114
13.80000019,11.10809994,0.0,3,0,0.667999983,4.9060001369999995,100.0,1.174200058,4,4,20.20000076,396.89999389999997,34.77000046
15.0,19.60910034,0.0,3,0,0.671000004,7.3130002020000004,97.90000153,1.316300035,4,4,20.20000076,396.89999389999997,13.43999958
13.89999962,15.28800011,0.0,3,0,0.671000004,6.649000168,93.30000305,1.3449000119999999,4,4,20.20000076,363.019989,23.23999977
13.30000019,9.823490142999999,0.0,3,0,0.671000004,6.7940001489999995,98.80000305,1.35800004,4,4,20.20000076,396.89999389999997,21.23999977
13.10000038,23.64819908,0.0,3,0,0.671000004,6.3800001139999996,96.19999695,1.3861000540000001,4,4,20.20000076,396.89999389999997,23.69000053
10.19999981,17.86669922,0.0,3,0,0.671000004,6.22300005,100.0,1.3861000540000001,4,4,20.20000076,393.73999019999997,21.78000069
10.39999962,88.97619629,0.0,3,0,0.671000004,6.967999935,91.90000153,1.4164999719999998,4,4,20.20000076,396.89999389999997,17.20999908
10.89999962,15.87440014,0.0,3,0,0.671000004,6.545000076,99.09999847,1.5191999669999998,4,4,20.20000076,396.89999389999997,21.07999992
11.30000019,9.187020302,0.0,3,0,0.699999988,5.535999775,100.0,1.58039999,4,4,20.20000076,396.89999389999997,23.60000038
12.30000019,7.992479801,0.0,3,0,0.699999988,5.519999981000001,100.0,1.533100009,4,4,20.20000076,396.89999389999997,24.55999947
7.1999998089999995,16.8118,0.0,3,0,0.699999988,5.27699995,98.09999847,1.426100016,4,4,20.20000076,396.89999389999997,30.80999947
10.5,24.39380074,0.0,3,0,0.699999988,4.65199995,100.0,1.467200041,4,4,20.20000076,396.89999389999997,28.28000069
7.400000095,22.5970993,0.0,3,0,0.699999988,5.0,89.5,1.5183999540000002,4,4,20.20000076,396.89999389999997,31.98999977
10.19999981,14.33370018,0.0,3,0,0.699999988,4.8800001139999996,100.0,1.58949995,4,4,20.20000076,372.92001339999996,30.62000084
11.5,8.151740074,0.0,3,0,0.699999988,5.389999866,98.90000153,1.7280999419999998,4,4,20.20000076,396.89999389999997,20.85000038
15.10000038,6.962150097,0.0,3,0,0.699999988,5.712999821,97.0,1.9264999630000001,4,4,20.20000076,394.42999269999996,17.11000061
23.20000076,5.293049812,0.0,3,0,0.699999988,6.051000117999999,82.5,2.16779995,4,4,20.20000076,378.38000489999996,18.76000023
9.699999809,11.57789993,0.0,3,0,0.699999988,5.035999775,97.0,1.769999981,4,4,20.20000076,396.89999389999997,25.68000031
13.80000019,8.644760132,0.0,3,0,0.6930000190000001,6.19299984,92.59999847,1.7912000419999998,4,4,20.20000076,396.89999389999997,15.17000008
12.69999981,13.35980034,0.0,3,0,0.6930000190000001,5.887000083999999,94.69999695,1.782099962,4,4,20.20000076,396.89999389999997,16.35000038
13.10000038,8.716750145,0.0,3,0,0.6930000190000001,6.471000195,98.80000305,1.725700021,4,4,20.20000076,391.980011,17.12000084
12.5,5.872049809,0.0,3,0,0.6930000190000001,6.40500021,96.0,1.676800013,4,4,20.20000076,396.89999389999997,19.37000084
8.5,7.672019958,0.0,3,0,0.6930000190000001,5.747000217,98.90000153,1.633399963,4,4,20.20000076,393.10000610000003,19.92000008
5.0,38.35179901,0.0,3,0,0.6930000190000001,5.453000069,100.0,1.4895999430000002,4,4,20.20000076,396.89999389999997,30.59000015
6.3000001910000005,9.916549683,0.0,3,0,0.6930000190000001,5.852000237,77.80000305,1.5003999469999998,4,4,20.20000076,338.1600037,29.96999931
5.599999905,25.04610062,0.0,3,0,0.6930000190000001,5.986999989,100.0,1.588799953,4,4,20.20000076,396.89999389999997,26.77000046
7.1999998089999995,14.23620033,0.0,3,0,0.6930000190000001,6.342999935,100.0,1.5741000180000002,4,4,20.20000076,396.89999389999997,20.31999969
12.10000038,9.595709801,0.0,3,0,0.6930000190000001,6.403999805,100.0,1.6390000580000001,4,4,20.20000076,376.10998539999997,20.30999947
8.300000191,24.80170059,0.0,3,0,0.6930000190000001,5.348999977,96.0,1.702800035,4,4,20.20000076,396.89999389999997,19.77000046
8.5,41.52920151,0.0,3,0,0.6930000190000001,5.531000137,85.40000153,1.60739994,4,4,20.20000076,329.4599915,27.37999916
5.0,67.92079926,0.0,3,0,0.6930000190000001,5.683000087999999,100.0,1.425400019,4,4,20.20000076,384.9700012,22.97999954
11.89999962,20.71619987,0.0,3,0,0.658999979,4.138000011,100.0,1.17809999,4,4,20.20000076,370.2200012,23.34000015
27.89999962,11.95110035,0.0,3,0,0.658999979,5.607999802,100.0,1.2852,4,4,20.20000076,332.0899963,12.13000011
17.20000076,7.403890132999999,0.0,3,0,0.597000003,5.617000103,97.90000153,1.4546999930000002,4,4,20.20000076,314.64001460000003,26.39999962
27.5,14.43830013,0.0,3,0,0.597000003,6.852000237,100.0,1.4654999969999998,4,4,20.20000076,179.3600006,19.78000069
15.0,51.13579941,0.0,3,0,0.597000003,5.756999969,100.0,1.4129999880000002,4,4,20.20000076,2.599999905,10.10999966
17.20000076,14.05070019,0.0,3,0,0.597000003,6.657000065,100.0,1.5275000330000001,4,4,20.20000076,35.04999924,21.21999931
16.29999924,28.65579987,0.0,3,0,0.597000003,5.15500021,100.0,1.589400053,4,4,20.20000076,210.9700012,20.07999992
7.1999998089999995,18.08460045,0.0,3,0,0.67900002,6.434000015,100.0,1.8346999880000001,4,4,20.20000076,27.25,29.04999924
7.5,10.83419991,0.0,3,0,0.67900002,6.782000065,90.80000305,1.819499969,4,4,20.20000076,21.56999969,25.79000092
10.39999962,25.94059944,0.0,3,0,0.67900002,5.303999901,89.09999847,1.6475000380000002,4,4,20.20000076,127.3600006,26.63999939
8.800000191,73.53410339,0.0,3,0,0.67900002,5.956999778999999,100.0,1.802600026,4,4,20.20000076,16.45000076,20.62000084
8.399999618999999,11.81229973,0.0,3,0,0.717999995,6.823999882000001,76.5,1.79400003,4,4,20.20000076,48.45000076,22.73999977
16.70000076,11.08740044,0.0,3,0,0.717999995,6.410999775,100.0,1.858899951,4,4,20.20000076,318.75,15.02000046
14.19999981,7.02259016,0.0,3,0,0.717999995,6.006000042,95.30000305,1.8746000530000002,4,4,20.20000076,319.980011,15.69999981
20.79999924,12.04819965,0.0,3,0,0.614000022,5.647999763,87.59999847,1.951200008,4,4,20.20000076,291.5499878,14.10000038
13.39999962,7.050419807000001,0.0,3,0,0.614000022,6.103000164,85.09999847,2.021800041,4,4,20.20000076,2.519999981,23.29000092
11.69999981,8.79211998,0.0,3,0,0.583999991,5.565000057000001,70.59999847,2.063499928,4,4,20.20000076,3.650000095,17.15999985
8.300000191,15.86030006,0.0,3,0,0.67900002,5.895999907999999,95.40000153,1.909600019,4,4,20.20000076,7.679999828,24.38999939
10.19999981,12.24720001,0.0,3,0,0.583999991,5.836999893,59.70000076,1.997599959,4,4,20.20000076,24.64999962,15.68999958
10.89999962,37.66189957,0.0,3,0,0.67900002,6.202000141,78.69999695,1.862900019,4,4,20.20000076,18.81999969,14.52000046
11.0,7.367109776,0.0,3,0,0.67900002,6.19299984,78.09999847,1.935600042,4,4,20.20000076,96.73000336,21.52000046
9.5,9.338890076,0.0,3,0,0.67900002,6.3800001139999996,95.59999847,1.9681999680000002,4,4,20.20000076,60.72000122,24.07999992
14.5,8.49213028,0.0,3,0,0.583999991,6.34800005,86.09999847,2.052700043,4,4,20.20000076,83.44999695,17.63999939
14.10000038,10.06229973,0.0,3,0,0.583999991,6.833000182999999,94.30000305,2.0882000919999997,4,4,20.20000076,81.33000183,19.69000053
16.10000038,6.444049835,0.0,3,0,0.583999991,6.4250001910000005,74.80000305,2.2004001140000002,4,4,20.20000076,97.94999695,12.02999973
14.30000019,5.581069946,0.0,3,0,0.713,6.43599987,87.90000153,2.315799952,4,4,20.20000076,100.19000240000001,16.21999931
11.69999981,13.913399700000001,0.0,3,0,0.713,6.208000182999999,95.0,2.2221999169999997,4,4,20.20000076,100.6299973,15.17000008
13.39999962,11.16040039,0.0,3,0,0.74000001,6.629000187000001,94.59999847,2.124700069,4,4,20.20000076,109.84999850000001,23.27000046
9.600000381000001,14.42080021,0.0,3,0,0.74000001,6.460999966,93.30000305,2.002599955,4,4,20.20000076,27.48999977,18.04999924
8.699999809,15.17720032,0.0,3,0,0.74000001,6.15199995,100.0,1.914199948,4,4,20.20000076,9.319999695,26.45000076
12.80000019,9.390629768,0.0,3,0,0.74000001,5.626999855,93.90000153,1.817199945,4,4,20.20000076,396.89999389999997,22.87999916
10.5,22.05109978,0.0,3,0,0.74000001,5.81799984,92.40000153,1.86619997,4,4,20.20000076,391.4500122,22.11000061
17.10000038,9.724180222000001,0.0,3,0,0.74000001,6.406000137,97.19999695,2.065099955,4,4,20.20000076,385.9599915,19.52000046
18.39999962,5.666369915,0.0,3,0,0.74000001,6.218999863,100.0,2.004800081,4,4,20.20000076,395.69000239999997,16.59000015
15.39999962,9.966540337,0.0,3,0,0.74000001,6.485000134,100.0,1.978399992,4,4,20.20000076,386.730011,18.85000038
10.80000019,12.80230045,0.0,3,0,0.74000001,5.854000092000001,96.59999847,1.8955999609999998,4,4,20.20000076,240.5200043,23.79000092
11.80000019,10.67179966,0.0,3,0,0.74000001,6.459000111,94.80000305,1.987900019,4,4,20.20000076,43.06000137,23.97999954
14.89999962,6.288070202,0.0,3,0,0.74000001,6.34100008,96.40000153,2.072000027,4,4,20.20000076,318.01000980000003,17.79000092
12.60000038,9.924850464,0.0,3,0,0.74000001,6.250999928,96.59999847,2.197999954,4,4,20.20000076,388.519989,16.44000053
14.10000038,9.329090118,0.0,3,0,0.713,6.184999942999999,98.69999695,2.261600018,4,4,20.20000076,396.89999389999997,18.12999916
13.0,7.526010036000001,0.0,3,0,0.713,6.416999817000001,98.30000305,2.1849999430000002,4,4,20.20000076,304.2099915,19.30999947
13.39999962,6.717720032000001,0.0,3,0,0.713,6.749000072,92.59999847,2.323600054,4,4,20.20000076,0.319999993,17.44000053
15.19999981,5.441140175,0.0,3,0,0.713,6.65500021,98.19999695,2.355200052,4,4,20.20000076,355.2900085,17.72999954
16.10000038,5.090169907,0.0,3,0,0.713,6.296999931,91.80000305,2.3682000640000003,4,4,20.20000076,385.0899963,17.27000046
17.79999924,8.24808979,0.0,3,0,0.713,7.3930001260000004,99.30000305,2.4526999,4,4,20.20000076,375.86999510000004,16.73999977
14.89999962,9.513629912999999,0.0,3,0,0.713,6.728000164,94.09999847,2.496099949,4,4,20.20000076,6.679999828,18.70999908
14.10000038,4.752369881,0.0,3,0,0.713,6.525000095,86.5,2.435800076,4,4,20.20000076,50.91999817,18.12999916
12.69999981,4.668829918,0.0,3,0,0.713,5.975999832,87.90000153,2.580600023,4,4,20.20000076,10.47999954,19.01000023
13.5,8.200579643,0.0,3,0,0.713,5.93599987,80.30000305,2.779200077,4,4,20.20000076,3.5,16.94000053
14.89999962,7.7522301670000004,0.0,3,0,0.713,6.301000117999999,83.69999695,2.78309989,4,4,20.20000076,272.2099915,16.22999954
20.0,6.801169872000001,0.0,3,0,0.713,6.0809998510000005,84.40000153,2.717499971,4,4,20.20000076,396.89999389999997,14.69999981
16.39999962,4.812129973999999,0.0,3,0,0.713,6.701000214,90.0,2.597500086,4,4,20.20000076,255.2299957,16.42000008
17.70000076,3.693109989,0.0,3,0,0.713,6.375999928,88.40000153,2.567100048,4,4,20.20000076,391.42999269999996,14.64999962
19.5,6.654920101,0.0,3,0,0.713,6.316999912000001,83.0,2.7344000339999996,4,4,20.20000076,396.89999389999997,13.98999977
20.20000076,5.821149826,0.0,3,0,0.713,6.513000011,89.90000153,2.8015999789999997,4,4,20.20000076,393.82000730000004,10.28999996
21.39999962,7.839320183,0.0,3,0,0.6549999710000001,6.209000111,65.40000153,2.963399887,4,4,20.20000076,396.89999389999997,13.22000027
19.89999962,3.163599968,0.0,3,0,0.6549999710000001,5.758999825,48.20000076,3.066499949,4,4,20.20000076,334.39999389999997,14.13000011
19.0,3.774980068,0.0,3,0,0.6549999710000001,5.952000141,84.69999695,2.871500015,4,4,20.20000076,22.01000023,17.14999962
19.10000038,4.422279835,0.0,3,0,0.583999991,6.002999783,94.5,2.5402998919999997,4,4,20.20000076,331.2900085,21.31999969
19.10000038,15.57569981,0.0,3,0,0.579999983,5.926000117999999,71.0,2.908400059,4,4,20.20000076,368.73999019999997,18.12999916
20.10000038,13.07509995,0.0,3,0,0.579999983,5.712999821,56.70000076,2.823699951,4,4,20.20000076,396.89999389999997,14.76000023
19.89999962,4.348790169,0.0,3,0,0.579999983,6.166999817000001,84.0,3.033400059,4,4,20.20000076,396.89999389999997,16.29000092
19.60000038,4.038410187,0.0,3,0,0.532000005,6.229000092000001,90.69999695,3.0992999080000003,4,4,20.20000076,395.32998660000004,12.86999989
23.20000076,3.568680048,0.0,3,0,0.579999983,6.4369997979999996,75.0,2.8965001110000004,4,4,20.20000076,393.36999510000004,14.35999966
29.79999924,4.646890163,0.0,3,0,0.614000022,6.980000018999999,67.59999847,2.532900095,4,4,20.20000076,374.67999269999996,11.65999985
13.80000019,8.055789948,0.0,3,0,0.583999991,5.427000046,95.40000153,2.429800034,4,4,20.20000076,352.57998660000004,18.13999939
13.30000019,6.393119812,0.0,3,0,0.583999991,6.162000179,97.40000153,2.20600009,4,4,20.20000076,302.76000980000003,24.10000038
16.70000076,4.871409893,0.0,3,0,0.614000022,6.484000206,93.59999847,2.305299997,4,4,20.20000076,396.2099915,18.68000031
12.0,15.02340031,0.0,3,0,0.614000022,5.303999901,97.30000305,2.1006999019999997,4,4,20.20000076,349.480011,24.90999985
14.60000038,10.2329998,0.0,3,0,0.614000022,6.184999942999999,96.69999695,2.17050004,4,4,20.20000076,379.7000122,18.03000069
21.39999962,14.33370018,0.0,3,0,0.614000022,6.229000092000001,88.0,1.951200008,4,4,20.20000076,383.32000730000004,13.10999966
23.0,5.824009895,0.0,3,0,0.532000005,6.242000103,64.69999695,3.4242000580000003,4,4,20.20000076,396.89999389999997,10.73999977
23.70000076,5.708179951,0.0,3,0,0.532000005,6.75,74.90000153,3.3317000869999998,4,4,20.20000076,393.07000730000004,7.739999771
25.0,5.731160163999999,0.0,3,0,0.532000005,7.06099987,77.0,3.4105999469999997,4,4,20.20000076,395.2799988,7.010000229
21.79999924,2.818380117,0.0,3,0,0.532000005,5.762000083999999,40.29999924,4.09829998,4,4,20.20000076,392.92001339999996,10.42000008
20.60000038,2.37857008,0.0,3,0,0.583000004,5.870999812999999,41.90000153,3.723999977,4,4,20.20000076,370.730011,13.34000015
21.20000076,3.673670053,0.0,3,0,0.583000004,6.3119997979999996,51.90000153,3.9916999339999997,4,4,20.20000076,388.61999510000004,10.57999992
19.10000038,5.69175005,0.0,3,0,0.583000004,6.113999843999999,79.80000305,3.5459001060000004,4,4,20.20000076,392.67999269999996,14.97999954
20.60000038,4.835669994,0.0,3,0,0.583000004,5.90500021,53.20000076,3.1522998810000002,4,4,20.20000076,388.2200012,11.44999981
15.19999981,0.150859997,0.0,4,0,0.609000027,5.453999996,92.69999695,1.820899963,1,4,20.10000038,395.0899963,18.05999947
7.0,0.18336999399999998,0.0,4,0,0.609000027,5.414000034,98.30000305,1.755399942,1,4,20.10000038,344.0499878,23.96999931
8.100000381000001,0.207460001,0.0,4,0,0.609000027,5.092999935,98.0,1.822600007,1,4,20.10000038,318.42999269999996,29.68000031
13.60000038,0.10574000300000001,0.0,4,0,0.609000027,5.982999802,98.80000305,1.868100047,1,4,20.10000038,390.10998539999997,18.06999969
20.10000038,0.11131999599999999,0.0,4,0,0.609000027,5.982999802,83.5,2.109899998,1,4,20.10000038,396.89999389999997,13.35000038
21.79999924,0.173309997,0.0,2,0,0.584999979,5.706999778999999,54.0,2.381700039,3,3,19.20000076,396.89999389999997,12.01000023
24.5,0.279570013,0.0,2,0,0.584999979,5.926000117999999,42.59999847,2.381700039,3,3,19.20000076,396.89999389999997,13.59000015
23.10000038,0.178990006,0.0,2,0,0.584999979,5.670000076,28.79999924,2.798599958,3,3,19.20000076,393.2900085,17.60000038
19.70000076,0.289600015,0.0,2,0,0.584999979,5.389999866,72.90000153,2.798599958,3,3,19.20000076,396.89999389999997,21.13999939
18.29999924,0.268379986,0.0,2,0,0.584999979,5.7940001489999995,70.59999847,2.892699957,3,3,19.20000076,396.89999389999997,14.10000038
21.20000076,0.239120007,0.0,2,0,0.584999979,6.019000052999999,65.30000305,2.4091000559999998,3,3,19.20000076,396.89999389999997,12.92000008
17.5,0.17782999600000002,0.0,2,0,0.584999979,5.568999767,73.5,2.39989996,3,3,19.20000076,395.769989,15.10000038
16.79999924,0.22438000100000002,0.0,2,0,0.584999979,6.02699995,79.69999695,2.49819994,3,3,19.20000076,396.89999389999997,14.32999992
22.39999962,0.06262999799999999,0.0,3,0,0.573000014,6.592999935,69.09999847,2.478600025,1,1,21.0,391.98999019999997,9.670000076
20.60000038,0.04527,0.0,3,0,0.573000014,6.1199998860000004,76.69999695,2.287499905,1,1,21.0,396.89999389999997,9.079999924
23.89999962,0.060759999,0.0,3,0,0.573000014,6.975999832,91.0,2.167500019,1,1,21.0,396.89999389999997,5.639999866
22.0,0.10959000099999999,0.0,3,0,0.573000014,6.7940001489999995,89.30000305,2.388900042,1,1,21.0,393.4500122,6.480000018999999
11.89999962,0.04741,0.0,3,0,0.573000014,6.03000021,80.80000305,2.505000114,1,1,21.0,396.89999389999997,7.8800001139999996
